{"train_acc": [0.935546875, 0.957275390625, 0.975830078125, 0.982666015625, 0.98779296875, 0.993896484375, 0.995849609375, 0.998291015625, 0.998291015625, 0.9990234375, 0.99951171875, 0.999755859375, 0.999755859375, 0.999755859375, 0.999755859375, 0.999755859375, 0.999755859375, 1.0, 1.0, 1.0, 1.0, 0.999755859375, 1.0, 1.0, 1.0, 1.0, 1.0, 1.0, 1.0, 0.999755859375, 0.999755859375, 0.999755859375, 0.999755859375, 1.0, 1.0, 1.0, 1.0, 0.999755859375, 0.999755859375, 0.999755859375, 0.999755859375, 0.999755859375, 0.999755859375, 0.999755859375, 0.999755859375, 0.999755859375, 0.999755859375, 1.0, 1.0, 1.0, 1.0, 1.0, 1.0, 1.0, 1.0, 1.0, 1.0, 1.0, 1.0, 1.0, 1.0, 1.0, 1.0, 1.0, 1.0, 1.0, 1.0, 1.0, 1.0, 1.0, 1.0, 1.0, 1.0, 1.0, 1.0, 1.0, 1.0, 1.0, 1.0, 1.0, 1.0, 1.0, 1.0, 1.0, 1.0, 1.0, 1.0, 1.0, 1.0, 1.0, 1.0, 1.0, 1.0, 1.0, 1.0, 1.0, 1.0, 1.0, 1.0, 1.0], "val_acc": [0.900390625, 0.904296875, 0.900390625, 0.90625, 0.8828125, 0.888671875, 0.884765625, 0.890625, 0.87890625, 0.876953125, 0.87890625, 0.884765625, 0.884765625, 0.875, 0.888671875, 0.8828125, 0.900390625, 0.89453125, 0.89453125, 0.896484375, 0.8984375, 0.88671875, 0.892578125, 0.88671875, 0.900390625, 0.87890625, 0.89453125, 0.900390625, 0.892578125, 0.859375, 0.88671875, 0.8828125, 0.88671875, 0.90234375, 0.900390625, 0.888671875, 0.8828125, 0.89453125, 0.890625, 0.88671875, 0.888671875, 0.884765625, 0.884765625, 0.884765625, 0.884765625, 0.89453125, 0.888671875, 0.912109375, 0.9140625, 0.91015625, 0.90625, 0.904296875, 0.91015625, 0.900390625, 0.900390625, 0.888671875, 0.88671875, 0.890625, 0.89453125, 0.888671875, 0.88671875, 0.89453125, 0.890625, 0.890625, 0.900390625, 0.892578125, 0.890625, 0.890625, 0.88671875, 0.89453125, 0.892578125, 0.888671875, 0.8828125, 0.888671875, 0.87890625, 0.87890625, 0.888671875, 0.888671875, 0.880859375, 0.880859375, 0.88671875, 0.88671875, 0.880859375, 0.88671875, 0.884765625, 0.88671875, 0.880859375, 0.88671875, 0.884765625, 0.884765625, 0.884765625, 0.884765625, 0.884765625, 0.884765625, 0.884765625, 0.88671875, 0.88671875, 0.884765625, 0.884765625, 0.880859375], "test_acc": [0.6653645833333334, 0.6653645833333334, 0.6653645833333334, 0.6653645833333334, 0.6653645833333334, 0.6653645833333334, 0.6666666666666666, 0.6666666666666666, 0.6640625, 0.6640625, 0.6653645833333334, 0.6653645833333334, 0.6666666666666666, 0.6666666666666666, 0.6666666666666666, 0.6666666666666666, 0.6666666666666666, 0.6666666666666666, 0.6666666666666666, 0.6666666666666666, 0.6666666666666666, 0.6640625, 0.6666666666666666, 0.6666666666666666, 0.6666666666666666, 0.6666666666666666, 0.6666666666666666, 0.6666666666666666, 0.6666666666666666, 0.6627604166666666, 0.6640625, 0.6640625, 0.6640625, 0.6666666666666666, 0.6666666666666666, 0.6666666666666666, 0.6666666666666666, 0.6640625, 0.6640625, 0.6640625, 0.6640625, 0.6640625, 0.6640625, 0.6640625, 0.6640625, 0.6640625, 0.6640625, 0.6666666666666666, 0.6666666666666666, 0.6666666666666666, 0.6666666666666666, 0.6666666666666666, 0.6666666666666666, 0.6666666666666666, 0.6666666666666666, 0.6666666666666666, 0.6666666666666666, 0.6666666666666666, 0.6666666666666666, 0.6666666666666666, 0.6666666666666666, 0.6666666666666666, 0.6666666666666666, 0.6666666666666666, 0.6666666666666666, 0.6666666666666666, 0.6666666666666666, 0.6666666666666666, 0.6666666666666666, 0.6666666666666666, 0.6666666666666666, 0.6666666666666666, 0.6666666666666666, 0.6666666666666666, 0.6666666666666666, 0.6666666666666666, 0.6666666666666666, 0.6666666666666666, 0.6666666666666666, 0.6666666666666666, 0.6666666666666666, 0.6666666666666666, 0.6666666666666666, 0.6666666666666666, 0.6666666666666666, 0.6666666666666666, 0.6666666666666666, 0.6666666666666666, 0.6666666666666666, 0.6666666666666666, 0.6666666666666666, 0.6666666666666666, 0.6666666666666666, 0.6666666666666666, 0.6666666666666666, 0.6666666666666666, 0.6666666666666666, 0.6666666666666666, 0.6666666666666666, 0.6666666666666666], "train_tp": [1820, 1945, 1963, 1996, 2003, 2031, 2035, 2045, 2044, 2047, 2047, 2047, 2048, 2048, 2048, 2048, 2048, 2048, 2048, 2048, 2048, 2047, 2048, 2048, 2048, 2048, 2048, 2048, 2048, 2047, 2047, 2047, 2047, 2048, 2048, 2048, 2048, 2047, 2047, 2047, 2047, 2047, 2047, 2047, 2047, 2047, 2047, 2048, 2048, 2048, 2048, 2048, 2048, 2048, 2048, 2048, 2048, 2048, 2048, 2048, 2048, 2048, 2048, 2048, 2048, 2048, 2048, 2048, 2048, 2048, 2048, 2048, 2048, 2048, 2048, 2048, 2048, 2048, 2048, 2048, 2048, 2048, 2048, 2048, 2048, 2048, 2048, 2048, 2048, 2048, 2048, 2048, 2048, 2048, 2048, 2048, 2048, 2048, 2048, 2048], "val_tp": [215, 231, 217, 220, 207, 220, 210, 222, 222, 227, 226, 224, 223, 223, 217, 238, 226, 221, 228, 222, 224, 208, 233, 231, 220, 203, 220, 230, 218, 190, 215, 208, 211, 221, 219, 233, 230, 219, 214, 210, 213, 210, 211, 209, 209, 217, 211, 231, 230, 227, 225, 224, 228, 221, 222, 213, 212, 214, 216, 212, 211, 216, 212, 213, 218, 213, 212, 212, 210, 214, 214, 211, 208, 211, 206, 206, 211, 211, 207, 207, 210, 210, 206, 210, 209, 210, 207, 210, 210, 210, 210, 210, 210, 210, 210, 210, 210, 209, 209, 207], "test_tp": [511, 511, 511, 511, 511, 511, 512, 512, 510, 510, 511, 511, 512, 512, 512, 512, 512, 512, 512, 512, 512, 510, 512, 512, 512, 512, 512, 512, 512, 509, 510, 510, 510, 512, 512, 512, 512, 510, 510, 510, 510, 510, 510, 510, 510, 510, 510, 512, 512, 512, 512, 512, 512, 512, 512, 512, 512, 512, 512, 512, 512, 512, 512, 512, 512, 512, 512, 512, 512, 512, 512, 512, 512, 512, 512, 512, 512, 512, 512, 512, 512, 512, 512, 512, 512, 512, 512, 512, 512, 512, 512, 512, 512, 512, 512, 512, 512, 512, 512, 512], "train_tn": [2012, 1976, 2034, 2029, 2043, 2040, 2044, 2044, 2045, 2045, 2047, 2048, 2047, 2047, 2047, 2047, 2047, 2048, 2048, 2048, 2048, 2048, 2048, 2048, 2048, 2048, 2048, 2048, 2048, 2048, 2048, 2048, 2048, 2048, 2048, 2048, 2048, 2048, 2048, 2048, 2048, 2048, 2048, 2048, 2048, 2048, 2048, 2048, 2048, 2048, 2048, 2048, 2048, 2048, 2048, 2048, 2048, 2048, 2048, 2048, 2048, 2048, 2048, 2048, 2048, 2048, 2048, 2048, 2048, 2048, 2048, 2048, 2048, 2048, 2048, 2048, 2048, 2048, 2048, 2048, 2048, 2048, 2048, 2048, 2048, 2048, 2048, 2048, 2048, 2048, 2048, 2048, 2048, 2048, 2048, 2048, 2048, 2048, 2048, 2048], "val_tn": [246, 232, 244, 244, 245, 235, 243, 234, 228, 222, 224, 229, 230, 225, 238, 214, 235, 237, 230, 237, 236, 246, 224, 223, 241, 247, 238, 231, 239, 250, 239, 244, 243, 241, 242, 222, 222, 239, 242, 244, 242, 243, 242, 244, 244, 241, 244, 236, 238, 239, 239, 239, 238, 240, 239, 242, 242, 242, 242, 243, 243, 242, 244, 243, 243, 244, 244, 244, 244, 244, 243, 244, 244, 244, 244, 244, 244, 244, 244, 244, 244, 244, 245, 244, 244, 244, 244, 244, 243, 243, 243, 243, 243, 243, 243, 244, 244, 244, 244, 244], "test_tn": [0, 0, 0, 0, 0, 0, 0, 0, 0, 0, 0, 0, 0, 0, 0, 0, 0, 0, 0, 0, 0, 0, 0, 0, 0, 0, 0, 0, 0, 0, 0, 0, 0, 0, 0, 0, 0, 0, 0, 0, 0, 0, 0, 0, 0, 0, 0, 0, 0, 0, 0, 0, 0, 0, 0, 0, 0, 0, 0, 0, 0, 0, 0, 0, 0, 0, 0, 0, 0, 0, 0, 0, 0, 0, 0, 0, 0, 0, 0, 0, 0, 0, 0, 0, 0, 0, 0, 0, 0, 0, 0, 0, 0, 0, 0, 0, 0, 0, 0, 0], "train_fp": [36, 72, 14, 19, 5, 8, 4, 4, 3, 3, 1, 0, 1, 1, 1, 1, 1, 0, 0, 0, 0, 0, 0, 0, 0, 0, 0, 0, 0, 0, 0, 0, 0, 0, 0, 0, 0, 0, 0, 0, 0, 0, 0, 0, 0, 0, 0, 0, 0, 0, 0, 0, 0, 0, 0, 0, 0, 0, 0, 0, 0, 0, 0, 0, 0, 0, 0, 0, 0, 0, 0, 0, 0, 0, 0, 0, 0, 0, 0, 0, 0, 0, 0, 0, 0, 0, 0, 0, 0, 0, 0, 0, 0, 0, 0, 0, 0, 0, 0, 0], "val_fp": [10, 24, 12, 12, 11, 21, 13, 22, 28, 34, 32, 27, 26, 31, 18, 42, 21, 19, 26, 19, 20, 10, 32, 33, 15, 9, 18, 25, 17, 6, 17, 12, 13, 15, 14, 34, 34, 17, 14, 12, 14, 13, 14, 12, 12, 15, 12, 20, 18, 17, 17, 17, 18, 16, 17, 14, 14, 14, 14, 13, 13, 14, 12, 13, 13, 12, 12, 12, 12, 12, 13, 12, 12, 12, 12, 12, 12, 12, 12, 12, 12, 12, 11, 12, 12, 12, 12, 12, 13, 13, 13, 13, 13, 13, 13, 12, 12, 12, 12, 12],