{"train_acc": [0.6279296875, 0.830322265625, 0.809326171875, 0.889892578125, 0.866455078125, 0.927490234375, 0.9365234375, 0.794921875, 0.928466796875, 0.95751953125, 0.567138671875, 0.95166015625, 0.8408203125, 0.97705078125, 0.9853515625, 0.9375, 0.990478515625, 0.958984375, 0.995361328125, 0.99658203125, 0.988525390625, 0.996826171875, 0.98681640625, 0.962646484375, 0.99462890625, 0.980224609375, 0.998779296875, 0.9990234375, 0.99951171875, 0.97705078125, 0.999755859375, 0.99951171875, 0.962646484375, 0.998779296875, 0.988037109375, 0.999267578125, 0.998046875, 0.998291015625, 0.998291015625, 0.999755859375, 0.997314453125, 0.999267578125, 1.0, 0.997802734375, 1.0, 1.0, 0.959716796875, 0.99755859375, 0.999755859375, 0.9990234375, 1.0, 1.0, 0.9990234375, 1.0, 0.9990234375, 1.0, 1.0, 1.0, 1.0, 1.0, 1.0, 1.0, 1.0, 1.0, 1.0, 1.0, 1.0, 1.0, 1.0, 1.0, 1.0, 1.0, 1.0, 1.0, 1.0, 1.0, 1.0, 1.0, 1.0, 1.0, 1.0, 1.0, 1.0, 1.0, 1.0, 1.0, 1.0, 1.0, 1.0, 1.0, 1.0, 1.0, 1.0, 1.0, 1.0, 1.0, 1.0, 1.0, 1.0, 1.0], "val_acc": [0.52734375, 0.72265625, 0.625, 0.7265625, 0.630859375, 0.73046875, 0.7265625, 0.53125, 0.673828125, 0.736328125, 0.5, 0.681640625, 0.49609375, 0.634765625, 0.6640625, 0.61328125, 0.693359375, 0.53515625, 0.75390625, 0.76171875, 0.7109375, 0.755859375, 0.69921875, 0.630859375, 0.658203125, 0.66796875, 0.75390625, 0.755859375, 0.76171875, 0.640625, 0.759765625, 0.763671875, 0.583984375, 0.697265625, 0.66015625, 0.763671875, 0.673828125, 0.65234375, 0.7421875, 0.732421875, 0.572265625, 0.744140625, 0.74609375, 0.736328125, 0.740234375, 0.759765625, 0.48828125, 0.708984375, 0.755859375, 0.751953125, 0.755859375, 0.751953125, 0.744140625, 0.755859375, 0.734375, 0.75, 0.755859375, 0.75, 0.75390625, 0.748046875, 0.75, 0.75, 0.75, 0.75, 0.75, 0.748046875, 0.751953125, 0.75390625, 0.74609375, 0.74609375, 0.748046875, 0.751953125, 0.75390625, 0.75390625, 0.75390625, 0.736328125, 0.75, 0.736328125, 0.748046875, 0.7421875, 0.763671875, 0.763671875, 0.763671875, 0.763671875, 0.763671875, 0.763671875, 0.763671875, 0.763671875, 0.763671875, 0.763671875, 0.759765625, 0.7578125, 0.7578125, 0.7578125, 0.7578125, 0.7578125, 0.7578125, 0.7578125, 0.7578125, 0.7578125], "test_acc": [0.6640625, 0.72265625, 0.6861979166666666, 0.7591145833333334, 0.6614583333333334, 0.76171875, 0.7591145833333334, 0.4518229166666667, 0.7174479166666666, 0.75390625, 0.3333333333333333, 0.7252604166666666, 0.66796875, 0.6731770833333334, 0.6796875, 0.62109375, 0.6927083333333334, 0.6549479166666666, 0.7200520833333334, 0.7513020833333334, 0.7526041666666666, 0.7565104166666666, 0.7369791666666666, 0.62890625, 0.6783854166666666, 0.6822916666666666, 0.75, 0.74609375, 0.7395833333333334, 0.6458333333333334, 0.7604166666666666, 0.7630208333333334, 0.5872395833333334, 0.6822916666666666, 0.6770833333333334, 0.7552083333333334, 0.6783854166666666, 0.6796875, 0.7578125, 0.7057291666666666, 0.65625, 0.76171875, 0.6979166666666666, 0.7591145833333334, 0.7044270833333334, 0.7330729166666666, 0.66015625, 0.73828125, 0.7513020833333334, 0.7643229166666666, 0.72265625, 0.7434895833333334, 0.7643229166666666, 0.73046875, 0.7630208333333334, 0.75, 0.75, 0.73828125, 0.73046875, 0.7174479166666666, 0.75, 0.75, 0.734375, 0.73828125, 0.73828125, 0.734375, 0.74609375, 0.74609375, 0.7083333333333334, 0.7278645833333334, 0.7265625, 0.74609375, 0.7421875, 0.7421875, 0.7421875, 0.7473958333333334, 0.7552083333333334, 0.7044270833333334, 0.7252604166666666, 0.75390625, 0.7395833333333334, 0.7395833333333334, 0.7395833333333334, 0.7395833333333334, 0.7395833333333334, 0.7395833333333334, 0.7395833333333334, 0.7395833333333334, 0.7395833333333334, 0.7395833333333334, 0.7421875, 0.7421875, 0.7421875, 0.7421875, 0.7421875, 0.7421875, 0.7421875, 0.7421875, 0.7421875, 0.7421875], "train_tp": [1900, 1488, 1885, 1631, 1958, 1770, 1798, 1208, 1757, 1877, 275, 1851, 2048, 2041, 2043, 1792, 2044, 2047, 2041, 2038, 2002, 2036, 1994, 1895, 2045, 1967, 2043, 2044, 2046, 1954, 2047, 2046, 1895, 2048, 1999, 2045, 2048, 2048, 2041, 2048, 2048, 2045, 2048, 2039, 2048, 2048, 2048, 2038, 2047, 2044, 2048, 2048, 2044, 2048, 2044, 2048, 2048, 2048, 2048, 2048, 2048, 2048, 2048, 2048, 2048, 2048, 2048, 2048, 2048, 2048, 2048, 2048, 2048, 2048, 2048, 2048, 2048, 2048, 2048, 2048, 2048, 2048, 2048, 2048, 2048, 2048, 2048, 2048, 2048, 2048, 2048, 2048, 2048, 2048, 2048, 2048, 2048, 2048, 2048, 2048], "val_tp": [222, 140, 208, 126, 206, 126, 121, 16, 89, 124, 0, 94, 254, 206, 199, 58, 200, 241, 181, 169, 109, 138, 103, 67, 206, 86, 142, 145, 160, 72, 151, 139, 43, 197, 82, 138, 202, 210, 127, 185, 221, 132, 189, 127, 191, 171, 247, 108, 144, 137, 174, 156, 134, 172, 126, 158, 151, 163, 172, 177, 154, 154, 165, 163, 163, 165, 154, 154, 182, 171, 169, 153, 156, 156, 156, 127, 148, 189, 170, 140, 164, 164, 164, 164, 164, 164, 164, 164, 164, 164, 160, 160, 160, 160, 160, 160, 160, 160, 160, 160], "test_tp": [489, 378, 476, 379, 476, 378, 362, 91, 308, 360, 0, 310, 512, 473, 467, 222, 464, 498, 442, 430, 353, 389, 324, 228, 473, 273, 398, 399, 415, 243, 408, 386, 197, 457, 269, 376, 461, 473, 361, 444, 484, 372, 442, 362, 446, 430, 506, 336, 395, 382, 428, 413, 377, 429, 367, 418, 406, 422, 434, 436, 414, 414, 423, 424, 424, 426, 410, 410, 438, 433, 432, 406, 410, 410, 410, 359, 399, 447, 427, 392, 418, 418, 418, 418, 418, 418, 418, 418, 418, 418, 411, 411, 411, 411, 411, 411, 411, 411, 411, 411], "train_tn": [672, 1913, 1430, 2014, 1591, 2029, 2038, 2048, 2046, 2045, 2048, 2047, 1396, 1961, 1993, 2048, 2013, 1881, 2036, 2044, 2047, 2047, 2048, 2048, 2029, 2048, 2048, 2048, 2048, 2048, 2048, 2048, 2048, 2043, 2048, 2048, 2040, 2041, 2048, 2047, 2037, 2048, 2048, 2048, 2048, 2048, 1883, 2048, 2048, 2048, 2048, 2048, 2048, 2048, 2048, 2048, 2048, 2048, 2048, 2048, 2048, 2048, 2048, 2048, 2048, 2048, 2048, 2048, 2048, 2048, 2048, 2048, 2048, 2048, 2048, 2048, 2048, 2048, 2048, 2048, 2048, 2048, 2048, 2048, 2048, 2048, 2048, 2048, 2048, 2048, 2048, 2048, 2048, 2048, 2048, 2048, 2048, 2048, 2048, 2048], "val_tn": [48, 230, 112, 246, 117, 248, 251, 256, 256, 253, 256, 255, 0, 119, 141, 256, 155, 33, 205, 221, 255, 249, 255, 256, 131, 256, 244, 242, 230, 256, 238, 252, 256, 160, 256, 253, 143, 124, 253, 190, 72, 249, 193, 250, 188, 218, 3, 255, 243, 248, 213, 229, 247, 215, 250, 226, 236, 221, 214, 206, 230, 230, 219, 221, 221, 218, 231, 232, 200, 211, 214, 232, 230, 230, 230, 250, 236, 188, 213, 240, 227, 227, 227, 227, 227, 227, 227, 227, 227, 227, 229, 228, 228, 228, 228, 228, 228, 228, 228, 228], "test_tn": [21, 177, 51, 204, 32, 207, 221, 256, 243, 219, 256, 247, 1, 44, 55, 255, 68, 5, 111, 147, 225, 192, 242, 255, 48, 251, 178, 174, 153, 253, 176, 200, 254, 67, 251, 204, 60, 49, 221, 98, 20, 213, 94, 221, 95, 133, 1, 231, 182, 205, 127, 158, 210, 132, 219, 158, 170, 145, 127, 115, 162, 162, 141, 143, 143, 138, 163, 163, 106, 126, 126, 167, 160, 160, 160, 215, 181, 94, 130, 187, 150, 150, 150, 150, 150, 150, 150, 150, 150, 150, 159, 159, 159, 159, 159, 159, 159, 159, 159, 159], "train_fp": [1376, 135, 618, 34, 457, 19, 10, 0, 2, 3, 0, 1, 652, 87, 55, 0, 35, 167, 12, 4, 1, 1, 0, 0, 19, 0, 0, 0, 0, 0, 0, 0, 0, 5, 0, 0, 8, 7, 0, 1, 11, 0, 0, 0, 0, 0, 165, 0, 0, 0, 0, 0, 0, 0, 0, 0, 0, 0, 0, 0, 0, 0, 0, 0, 0, 0, 0, 0, 0, 0, 0, 0, 0, 0, 0, 0, 0, 0, 0, 0, 0, 0, 0, 0, 0, 0, 0, 0, 0, 0, 0, 0, 0, 0, 0, 0, 0, 0, 0, 0], "val_fp": [208, 26, 144, 10, 139, 8, 5, 0, 0, 3, 0, 1, 256, 137, 115, 0, 101, 223, 51, 35, 1, 7, 1, 0, 125, 0, 12, 14, 26, 0, 18, 4, 0, 96, 0, 3, 113, 132, 3, 66, 184, 7, 63, 6, 68, 38, 253, 1, 13, 8, 43, 27, 9, 41, 6, 30, 20, 35, 42, 50, 26, 26, 37, 35, 35, 38, 25, 24, 56, 45, 42, 24, 26, 26, 26, 6, 20, 68, 43, 16, 29, 29, 29, 29, 29, 29, 29, 29, 29, 29, 27, 28, 28, 28, 28, 28, 28, 28, 28, 28],